Workbook

Sheet Read me
A1: What this workbook lists
A2: Three different collections are used in the EMS-Handoff evidence. They are often confused, so each has its own sheet.
A4: 1. Gold sample cases (4): hand-written radio reports (quick, STEMI, trauma, sepsis) with a hand-made gold report each. Used by the test suite and the first scoring work on 2026-10-24/25. Sheet 'Gold sample cases'.
A5: 2. Real call sets (22): recordings from a public county EMS feed, grouped into patient calls (51 bursts, 1,869 s). Three of them (CS001, CS008, CS014; 9 bursts, 612 words) have a human reference transcript and a gold report; the other 19 have neither. Sheet 'Real call sets'.
A6: 3. Generated scripts (200): template-written radio reports with exact gold facts, read by one synthetic voice through the radio channel at five noise levels (1,000 clips). Split by script, stratified by call family: 140 train, 30 validation, 30 test. Every transcript row in the matrix is the 30 test scripts (150 clips); every report row is the 30 test scripts at clean and 5 dB (60 reports). The validation 30 were first scored on 2026-10-30. Sheet 'Generated scripts' (one row per script, with its text) and 'Split by family'.
A8: So: '4 golden traces' = the 4 sample cases; '22 calls' = the real call sets; '30' = the test split of the 200 generated scripts (and a second 30 held out for validation).
A10: Columns in 'Generated scripts': split = train / val / test; family = the call type the template came from; priority and ETA are the values the script states (blank = not stated); gold fields = facts the scorer checks for that script; of which 'not stated' = fields whose correct answer is null (abstain); text = the script the voice read, which is also the transcript reference.
A11: Source files: ~/datasets/synth_v1/{index.tsv, splits.json, gold/, scripts/}; ~/callsets/<CS>/callset_info.json; ~/labels/{reference,gold}; tests/gold; ems_handoff/samples.py. Scoring definitions: docs/reports/SCORING_DEFINITIONS.md.

Sheet Generated scripts
A1: id | B1: split | C1: family | D1: alert_type | E1: priority (stated) | F1: ETA min (stated) | G1: words | H1: unit | I1: hospital | J1: alert words | K1: gold fields | L1: of which not stated | M1: text
A2: SY001 | B2: train | C2: fragment | D2: UNCLEAR | F2: 8 | G2: 8 | H2: Unit 40 | I2: White Oak | K2: 10 | L2: 8 | M2: White Oak, Unit 40. Updated ETA 8 minutes.
A3: SY002 | B3: train | C3: endocrine | D3: ENDOCRINE | E3: 2 | G3: 90 | H3: Medic 723 | I3: Holy Cross | J3: hypoglycemia | K3: 21 | L3: 6 | M3: Medic 723 to Holy Cross with a patient report. We're en route to your facility with a 23-year-old male, hypoglycemia, priority two. How do you copy so far? Family found the patient combative, initial blood glucose 30. Vitals: blood pressure 108/55, rate of 98, resp rate 31, SpO2 98%, and blood sugar 128. We administered 15 grams oral glucose PO, repeat glucose is 128 and the patient is now alert and oriented. History of type 2 diabetes and type 1 diabetes. Patient is on insulin. Any questions for Medic 723?
A4: SY003 | B4: train | C4: chest_pain | D4: MEDICAL | E4: 2 | G4: 94 | H4: Ambulance 716 | I4: Germantown | J4: chest pain | K4: 23 | L4: 5 | M4: Germantown, Ambulance 716. Priority two, 36-year-old female, chest pain. How do you copy? Patient woke up this morning with chest pain and upper back pain. Current vitals are as follows: pressure 174/79, rate of 103, sinus tach, respirations 21, and SpO2 96% on 6 liters nasal cannula. 12-lead is unremarkable. Patient is alert and oriented times four. 22-gauge IV in the left hand, saline lock. We administered 324 mg aspirin chewed. Medical history of CAD and anxiety. Medications include metformin, lisinopril, and Eliquis. NKDA. Family states patient is a full code. Ambulance 716 clear.
A5: SY004 | B5: train | C5: stroke | D5: STROKE | E5: 1 | F5: 10 | G5: 90 | H5: Unit 33 | I5: Sibley | J5: stroke, CVA, facial droop | K5: 21 | L5: 6 | M5: Good morning, Sibley, this is Unit 33. Inbound with a 57-year-old male, chief complaint stroke alert, priority one. Last known well about 30 minutes ago. Patient has right arm drift and right facial droop, speech is slurred. Current vitals are as follows: BP 171/115, pulse 92, AFib, respirations 18, sat of 97% on 4 liters nasal cannula, and blood glucose 126. Cincinnati is positive, two out of three. Grips weaker on the right. Requesting a stroke alert. We'll be at your facility in about 10 minutes. How do you copy?
A6: SY005 | B6: val | C6: chest_pain | D6: MEDICAL | E6: 3 | F6: 15 | G6: 78 | H6: Ambulance 702 | I6: Holy Cross | J6: chest pain | K6: 22 | L6: 7 | M6: Holy Cross, Ambulance 702. Inbound with a 54-year-old male, chief complaint chest pain, priority three, approximately 15 minutes out. Patient woke up this morning with chest pain and nausea. Vitals on scene: pressure 178/82, rate of 134, respiratory rate 17, and satting at 95% on room air. 12-lead shows sinus tach with no ST elevation. Lungs clear bilaterally. We've established a 22-gauge IV left hand. We administered 324 mg aspirin. Notification only, no orders needed. Ambulance 702 clear.
A7: SY006 | B7: val | C7: trauma | D7: TRAUMA | E7: 2 | F7: 8 | G7: 103 | H7: Unit 31 | I7: Germantown | J7: motorcycle | K7: 22 | L7: 3 | M7: Germantown online, this is Unit 31. We have a 16-year-old female, motorcycle crash, helmeted, priority two. Loss of consciousness unknown. Vitals on scene: pressure 124/66, heart rate 101, resp rate 24 and labored, and satting at 93%. GCS is 14, eyes 4, verbal 4, motor 6. Injuries include a right ankle deformity. Patient is c-spine immobilized on a backboard. Breath sounds bilateral but diminished on the right. Administered 4 mg ondansetron IV. Medical history of diabetes and AFib. No known allergies. Patient is DNR DNI per paperwork. Requesting trauma activation. We'll be at your facility in about 8 minutes. How do you copy?
A8: SY007 | B8: train | C8: trauma | D8: TRAUMA | E8: 2 | F8: 8 | G8: 115 | H8: Medic 41 | I8: County General | J8: motorcycle | K8: 22 | L8: 4 | M8: Medic 41 to County General with a patient report. We're en route to your facility with a 79-year-old female, motorcycle crash, helmeted, priority two. How do you copy so far? Vitals are pressure 102/58, heart rate 104, respiratory rate 29 and labored, and satting at 89% on 15 liters non-rebreather. GCS is 14, eyes 4, verbal 4, motor 6. Injuries include chest wall tenderness, a right ankle deformity, and left clavicle deformity. Patient extricated by fire, c-collar applied. Patient confused but following commands. Two large bore IVs established, running wide open. Administered 100 mcg fentanyl IV. History of diabetes. No known allergies. Requesting a trauma alert. We'll be at your facility in about 8 minutes.
A9: SY008 | B9: val | C9: pediatric | D9: PEDIATRIC | G9: 68 | H9: Squad 14 | I9: Fairfax | J9: pediatric, seizure | K9: 20 | L9: 8 | M9: Fairfax, Squad 14. We have a 7-year-old male, febrile seizure. Generalized seizure lasting approximately 5 minutes, witnessed by parents, resolved on our arrival. Patient is crying and consolable now. Vitals on scene: blood pressure 101/58, heart rate 147, satting at 94% on room air, temperature 102.8, and CBG 94. One prior febrile seizure. We administered 2 mg midazolam intranasal. No past medical history per family. Squad 14 clear.
A10: SY009 | B10: train | C10: sepsis | D10: SEPSIS | E10: 2 | F10: 8 | G10: 118 | H10: Medic 8 | I10: Fairfax | J10: sepsis, fever, altered mental status | K10: 22 | L10: 4 | M10: Fairfax, Medic 8 on the back line. We have a 88-year-old female, altered mental status and fever, priority two, approximately 8 minutes out. Patient is from home with hospice. Patient became increasingly confused and febrile. Vitals are blood pressure 92/50, heart rate 100, respiratory rate 22, SpO2 91% on 15 liters non-rebreather, and temp of 102.4. Skin is hot, dry and mottled at the knees. Suspected respiratory source, coarse rhonchi in the bilateral bases, productive cough. Lactate is 3.2. IV established, 22-gauge left forearm. 1000 mL of normal saline in so far. Medical history of CHF and hypertension. No known allergies. Family states patient is a full code. If you have no further questions, we'll see you shortly.
A11: SY010 | B11: train | C11: sepsis | D11: SEPSIS | E11: 2 | F11: 3 | G11: 109 | H11: Unit 37 | I11: Sibley | J11: sepsis, fever, altered mental status | K11: 22 | L11: 5 | M11: Sibley, Unit 37 on the back line. We have a 76-year-old female, possible sepsis, priority two. Per nursing staff, patient was at baseline until this morning. Patient became increasingly confused and febrile. Vitals are blood pressure 90/50, heart rate 124, respirations 26, sat of 92% on 6 liters nasal cannula, temp of 104.0, and blood sugar 215. Skin is warm and flushed. No obvious source. Lactate is 4.1. 18-gauge IV in the right hand, saline lock. 1000 mL of normal saline in so far. No past medical history per family. No known drug allergies. We're about 3 minutes out. If you have no further questions, we'll see you shortly.
A12: SY011 | B12: train | C12: chest_pain | D12: MEDICAL | E12: 2 | G12: 91 | H12: Ambulance 707 | I12: Shady Grove | J12: chest pain | K12: 24 | L12: 7 | M12: Good morning, Shady Grove, this is Ambulance 707. We have a 77-year-old female, chest pain, priority two. Patient woke up this morning with chest pain and shortness of breath. Vitals: pressure 129/100, rate of 69, normal sinus with PVCs, respirations 20, and satting at 94%. 12-lead is unremarkable. Currently complaining of 4 out of 10 chest pain. 20-gauge IV in the left AC, saline lock. We administered 324 mg aspirin chewed and 400 mcg nitro sublingual. Past medical history includes hyperlipidemia and hypertension. Allergies to morphine and latex. Ambulance 707 clear.
A13: SY012 | B13: train | C13: arrest | D13: CARDIAC_ARREST | E13: 1 | F13: 5 | G13: 85 | H13: Ambulance 711 | I13: Washington Adventist | J13: cardiac arrest, CPR, ROSC | K13: 21 | L13: 10 | M13: Washington Adventist, Ambulance 711. We're en route to your facility with a 43-year-old male, CPR in progress, priority one, approximately 5 minutes out. Witnessed arrest in a parking lot, CPR started by family. Initial rhythm asystole. CPR continues en route. Patient is intubated, tube confirmed with waveform capnography. CPR has been ongoing for 25 minutes. We have one round of epi. 18-gauge IV left AC. Patient has a history of hypertension, CAD, and ESRD on dialysis. No known drug allergies. Any questions for Ambulance 711?
A14: SY013 | B14: test | C14: chest_pain | D14: MEDICAL | E14: 2 | F14: 7 | G14: 95 | H14: Medic 33 | I14: Germantown | J14: chest pain | K14: 23 | L14: 6 | M14: Germantown, Medic 33. Priority two, 51-year-old female, chest pain. How do you copy? Patient woke up this morning with chest pain and palpitations. Vitals: blood pressure 119/71, heart rate 72, respirations 19, and satting at 96% on room air. 12-lead shows sinus tach with no ST elevation. Patient is alert and oriented times four. We've established a 22-gauge IV left hand. We administered 324 mg aspirin and 400 mcg nitro sublingual. No past medical history per family. No known drug allergies. Notification only, no orders needed. We'll be at your facility in about 7 minutes.
A15: SY014 | B15: test | C15: stroke | D15: STROKE | E15: 1 | F15: 8 | G15: 81 | H15: Paramedic 746 | I15: Riverside | J15: stroke, CVA, facial droop | K15: 20 | L15: 7 | M15: Good morning, Riverside, this is Paramedic 746. Priority one, 62-year-old female, stroke symptoms. How do you copy? Last known well about 60 minutes ago. Patient has right arm drift and right facial droop, speech is slurred. Current vitals are as follows: pressure 152/99, rate of 60, oxygen saturation 94% on room air, and blood sugar 151. LAMS is 5. Pupils equal and reactive. Medical history of CAD and AFib. Requesting a stroke alert. We're about 8 minutes out. Paramedic 746 clear.
A16: SY015 | B16: train | C16: sepsis | D16: SEPSIS | E16: 1 | F16: 5 | G16: 96 | H16: Unit 36 | I16: County General | J16: sepsis, fever, altered mental status | K16: 20 | L16: 5 | M16: County General, Unit 36 on the back line. Priority one, 86-year-old male, fever and hypotension. How do you copy? Family reports patient has been more confused for two days. Patient became increasingly confused and febrile. Vitals: BP 102/66, pulse 133, oxygen saturation 92% on 2 liters nasal cannula, and temperature 101.8. Skin is warm and flushed. Suspected skin source, a stage 4 sacral decubitus with foul drainage. Medical history of COPD, chronic kidney disease, and hypertension. Allergic to penicillin. Requesting a sepsis alert. Our ETA to your facility is approximately 5 minutes. How do you copy?
A17: SY016 | B17: train | C17: stemi | D17: STEMI | E17: 1 | F17: 10 | G17: 120 | H17: Unit 29 | I17: Washington Adventist | J17: STEMI, ST elevation, chest pain | K17: 25 | L17: 5 | M17: Washington Adventist, Unit 29 on the back line. We're en route to your facility with a 61-year-old female, chest pain, priority one, approximately 10 minutes out. Pain started about an hour ago, left-sided, radiating to the left arm. Vitals: blood pressure 169/78, heart rate 63, normal sinus, respiratory rate 24, and SpO2 96% on 6 liters nasal cannula. Patient is alert and oriented, diaphoretic. 12-lead shows ST elevation in leads II, III and aVF, consistent with inferior STEMI. Pain is 8 out of 10. We've established a 20-gauge IV left forearm. Administered 324 mg aspirin PO and 25 mcg fentanyl IV. Past medical history includes hypertension. NKDA. Requesting a STEMI alert and cath lab activation. Any questions for Unit 29?
A18: SY017 | B18: train | C18: chest_pain | D18: MEDICAL | E18: 2 | F18: 5 | G18: 97 | H18: Unit 25 | I18: Suburban | J18: chest pain | K18: 22 | L18: 7 | M18: Suburban, Unit 25. We have a 59-year-old male, chest pain, priority two. Patient was sitting on the couch around 8 PM when he began to feel substernal chest pain radiating to the jaw. Vitals on scene: pressure 118/84, pulse 81, resp rate 16, and SpO2 97% on room air. 12-lead shows sinus tach with no ST elevation. Currently complaining of 4 out of 10 chest pain. 22-gauge IV in the right AC, saline lock. We administered 0.4 mg nitro sublingual. No known drug allergies. ETA 5 minutes. If you have no further questions, we'll see you shortly.
A19: SY018 | B19: train | C19: stemi | D19: STEMI | E19: 2 | F19: 7 | G19: 128 | H19: Ambulance 727 | I19: Fairfax | J19: STEMI, ST elevation, chest pain | K19: 25 | L19: 5 | M19: Good evening, Fairfax, this is Ambulance 727. We have a 62-year-old female, chest pain, priority two. Pain started about two hours ago, substernal, radiating to the left shoulder. Vitals on scene: BP 112/66, pulse 106, sinus tach, respiratory rate 21, and satting at 93% on 4 liters nasal cannula. Patient is alert and oriented, diaphoretic. 12-lead shows ST elevation in leads V1 through V4, consistent with anterior STEMI. Pain is 7 out of 10. IV established, 20-gauge left forearm. Administered 324 mg aspirin chewed and 0.4 mg nitro sublingual times one. Some relief with the nitro. Medical history of prior MI. Allergies to contrast dye and sulfa. Requesting a STEMI alert and cath lab activation. Our ETA to your facility is approximately 7 minutes. How do you copy?
A20: SY019 | B20: train | C20: pediatric | D20: PEDIATRIC | E20: 1 | F20: 12 | G20: 63 | H20: Ambulance 710 | I20: White Oak | J20: pediatric, respiratory distress | K20: 21 | L20: 8 | M20: White Oak, Ambulance 710 on the back line. We're en route to your facility with a 20-month-old male, respiratory distress and trouble breathing, priority one, approximately 12 minutes out. Barky cough since this evening, retractions noted. Vitals are pressure 97/68, pulse 127, and oxygen saturation 87% on 15 liters non-rebreather. Patient is slightly altered but consolable. No known drug allergies. Ambulance 710 clear.
A21: SY020 | B21: train | C21: obstetric | D21: OBSTETRIC | E21: 2 | F21: 10 | G21: 106 | H21: Medic 8 | I21: Sibley | J21: pregnant, labor, delivery | K21: 22 | L21: 8 | M21: Medic 8 to Sibley, how do you copy? We're en route to your facility with a 20-year-old female, 36 weeks pregnant, possible pre-eclampsia, priority two. How do you copy so far? Patient is 36 weeks along, prenatal care at Fairfax. Severe headache, visual changes and swelling to the hands and face for two days. Vitals: blood pressure 174/103, pulse 122, and sat of 96%. Hyperreflexic, no seizure activity so far. Administered 4 grams magnesium IV. We've established a 20-gauge IV right forearm. No past medical history per family. Requesting labor and delivery be notified. Our ETA to your facility is approximately 10 minutes. Medic 8 clear.
A22: SY021 | B22: val | C22: stroke | D22: STROKE | E22: 1 | F22: 6 | G22: 77 | H22: Paramedic 717 | I22: Memorial | J22: stroke, CVA, facial droop | K22: 20 | L22: 7 | M22: Paramedic 717 to Memorial, how do you copy? We have a 71-year-old female, stroke symptoms, priority one, approximately 6 minutes out. Last known well last night at bedtime, found this way this morning. Family noticed left-sided facial droop and slurred speech. Vitals are blood pressure 206/115, heart rate 65, oxygen saturation 95%, and sugar is 118. LAMS is 4. Pupils equal and reactive. Allergies to penicillin and morphine. Requesting stroke team activation. Any questions for Paramedic 717?
A23: SY022 | B23: train | C23: trauma | D23: TRAUMA | E23: 3 | F23: 3 | G23: 117 | H23: Medic 15 | I23: White Oak | J23: assault | K23: 23 | L23: 5 | M23: White Oak, Medic 15. We're en route to your facility with a 46-year-old male, assault with a blunt object to the head, priority three. How do you copy so far? Loss of consciousness unknown. Vitals are BP 98/67, rate of 127, respiratory rate 20 and shallow, and sat of 96% on room air. GCS is 15. Injuries include epistaxis, a laceration above the left eye, and a large hematoma to the left temple. Patient is c-spine immobilized on a backboard. Pupils equal and reactive. We have two large bore IVs, fluids running wide open. Administered 100 mcg fentanyl IV and 1 gram TXA IV. Allergic to latex. Requesting a trauma alert. ETA 3 minutes. Medic 15 clear.
A24: SY023 | B24: train | C24: trauma | D24: TRAUMA | E24: 1 | F24: 8 | G24: 99 | H24: Medic 28 | I24: Riverside | J24: MVC | K24: 22 | L24: 5 | M24: Good afternoon, Riverside, this is Medic 28. Priority one, 25-year-old female, MVC, unrestrained passenger, significant front end damage. How do you copy? Positive loss of consciousness at scene per bystanders. Vitals: BP 116/88, heart rate 81, respiratory rate 20 and labored, and SpO2 93% on 2 liters nasal cannula. GCS is 8. Injuries include deformity to the right forearm and left femur deformity. Patient confused but following commands. 20-gauge IV in the left hand, saline lock. Administered 50 mcg fentanyl IV. No known allergies. Patient is DNR DNI per paperwork. Our ETA to your facility is approximately 8 minutes.
A25: SY024 | B25: test | C25: stroke | D25: STROKE | E25: 2 | G25: 101 | H25: Unit 31 | I25: Holy Cross | J25: stroke, CVA, facial droop | K25: 21 | L25: 4 | M25: Holy Cross, Unit 31 on the back line. Inbound with a 76-year-old female, chief complaint stroke symptoms, priority two. Last known well about 30 minutes ago. Family noticed left-sided facial droop and slurred speech. Vitals on scene: blood pressure 153/103, heart rate 58, respiratory rate 14, sat of 99% on room air, and blood glucose 90. Cincinnati stroke scale positive for arm drift and speech. No trauma noted. We've established an 18-gauge IV right AC. No medications given. History of hypertension and CAD. Patient is on warfarin, metformin, and lisinopril. Family states patient is a full code. Requesting stroke team activation.
A26: SY025 | B26: train | C26: endocrine | D26: ENDOCRINE | E26: 2 | F26: 20 | G26: 68 | H26: Paramedic 740 | I26: Sibley | J26: DKA, hyperglycemia | K26: 20 | L26: 6 | M26: Sibley, Paramedic 740. Inbound with a 29-year-old female, chief complaint possible DKA, priority two. Patient ran out of insulin three days ago. Patient is alert but lethargic, skin dry. Vitals on scene: pressure 107/63, pulse 99, resp rate 23, satting at 96%, and sugar is 560. Past medical history includes hypothyroidism and hypertension. Medications include insulin, Lantus, and metformin. See you in approximately 20 minutes. Paramedic 740 clear.
A27: SY026 | B27: train | C27: fragment | D27: UNCLEAR | F27: 15 | G27: 11 | H27: Ambulance 706 | I27: Washington Adventist | K27: 10 | L27: 8 | M27: Washington Adventist, Ambulance 706. Be advised we are 15 minutes out.
A28: SY027 | B28: val | C28: sepsis | D28: SEPSIS | E28: 1 | F28: 15 | G28: 112 | H28: Paramedic 709 | I28: Sibley | J28: sepsis, fever, altered mental status | K28: 22 | L28: 3 | M28: Good morning, Sibley, this is Paramedic 709. Priority one, 77-year-old male, altered mental status and fever., approximately 15 minutes out. Family reports patient has been more confused for two days. Patient became increasingly confused and febrile. Vitals: BP 97/52, pulse 114, respiratory rate 25, oxygen saturation 95% on 2 liters nasal cannula, and temp of 100.9. Patient oriented to name only. Suspected urinary source, foley catheter in place, urine appears cloudy. We've established an 18-gauge IV left AC. 1000 mL of normal saline in so far. Patient has a history of CHF and chronic kidney disease. Home meds are furosemide. Allergic to codeine. We're calling a sepsis alert. How do you copy?
A29: SY028 | B29: test | C29: stemi | D29: STEMI | F29: 20 | G29: 125 | H29: Medic 724 | I29: Riverside | J29: STEMI, ST elevation, chest pain | K29: 25 | L29: 5 | M29: Riverside, Medic 724. Inbound with a 57-year-old male, chief complaint chest pain. Patient was at home when the pain started approximately 45 minutes ago. Vitals are pressure 170/60, heart rate 73, normal sinus with PVCs, and oxygen saturation 97% on 4 liters nasal cannula. Skin is cool and diaphoretic. 12-lead shows ST elevation in leads V1 through V4, consistent with anterior STEMI. IV established, 18-gauge right AC. Administered 324 mg aspirin, 0.4 mg nitro sublingual times three, and 100 mcg fentanyl IV. Some relief with the nitro. History of hyperlipidemia, prior MI, and hypertension. Takes Plavix, atorvastatin, and metformin. No known drug allergies. Requesting a STEMI alert and cath lab activation. Our ETA to your facility is approximately 20 minutes. Any questions for Medic 724?
A30: SY029 | B30: train | C30: endocrine | D30: ENDOCRINE | E30: 2 | F30: 4 | G30: 71 | H30: Unit 36 | I30: Germantown | J30: hypoglycemia | K30: 21 | L30: 6 | M30: Germantown, Unit 36. Priority two, 45-year-old female, hypoglycemia. How do you copy? Family found the patient unresponsive, initial blood glucose 33. Current vitals are as follows: blood pressure 140/85, pulse 123, respiratory rate 19, sat of 97% on room air, and CBG 121. We administered 125 mL D10 IV, repeat glucose is 121 and the patient is now alert and oriented. NKDA. We're about 4 minutes out. How do you copy?
A31: SY030 | B31: val | C31: trauma | D31: TRAUMA | E31: 2 | F31: 5 | G31: 86 | H31: Unit 31 | I31: Memorial | J31: fall | K31: 22 | L31: 6 | M31: Good morning, Memorial, this is Unit 31. We have a 30-year-old male, fall from approximately 15 feet, priority two. No medical history available. Vitals are BP 119/89, pulse 98, resp rate 22, and oxygen saturation 98% on 2 liters nasal cannula. GCS is 14. Injuries include a laceration to the forehead and right hip pain with shortening and rotation. Patient extricated by fire, c-collar applied. Breath sounds bilateral but diminished on the right. Administered 100 mcg fentanyl IV. Requesting trauma activation. We're about 5 minutes out.
A32: SY031 | B32: train | C32: stemi | D32: STEMI | F32: 3 | G32: 127 | H32: Squad 4 | I32: Washington Adventist | J32: STEMI, ST elevation, chest pain | K32: 23 | L32: 5 | M32: Washington Adventist, Squad 4. We have a 69-year-old male, chest pain. Pain started about two hours ago, left-sided, radiating to the left arm. Vitals are pressure 126/99, heart rate 56 and irregular, respirations 23, and sat of 94% on 6 liters nasal cannula. Patient is diaphoretic and pale. 12-lead shows ST elevation in leads II, III and aVF, consistent with inferior STEMI. Pain is 5 out of 10. Administered 324 mg aspirin chewed and 0.4 mg nitro sublingual times one. Some relief with the nitro. History of prior MI, type 2 diabetes, and hyperlipidemia. Medications include amlodipine and aspirin 81. Requesting a STEMI alert and cath lab activation. We'll be at your facility in about 3 minutes. If you have no further questions, we'll see you shortly.
A33: SY032 | B33: train | C33: sepsis | D33: SEPSIS | E33: 1 | G33: 111 | H33: Paramedic 709 | I33: Sibley | J33: sepsis, fever, altered mental status | K33: 22 | L33: 3 | M33: Sibley online, this is Paramedic 709. Inbound with a 88-year-old female, chief complaint possible sepsis, priority one. Family reports patient has been more confused for two days. Patient became increasingly confused and febrile. Vitals on scene: blood pressure 101/60, pulse 109, respirations 29, SpO2 94% on 15 liters non-rebreather, temp of 101.8, and blood sugar 303. Patient oriented to name only. Suspected skin source, a stage 4 sacral decubitus with foul drainage. IV established, 22-gauge left forearm. Running a 500 mL bolus. Past medical history includes chronic kidney disease. Home meds are donepezil. Patient is full code. Requesting a sepsis alert. If you have no further questions, we'll see you shortly.
A34: SY033 | B34: train | C34: trauma | D34: TRAUMA | G34: 82 | H34: Squad 4 | I34: County General | J34: MVC | K34: 20 | L34: 8 | M34: County General, Squad 4. We have a 66-year-old male, MVC, unrestrained passenger, significant front end damage. Positive loss of consciousness at scene per bystanders. Current vitals are as follows: pressure 123/79, rate of 95, and oxygen saturation 90% on 15 liters non-rebreather. Injuries include left femur deformity, a large scalp laceration with controlled bleeding, and deformity to the right forearm. Patient is c-spine immobilized on a backboard. Pupils equal and reactive. No known allergies. Requesting a trauma alert. How do you copy?
A35: SY034 | B35: train | C35: pediatric | D35: PEDIATRIC | E35: 1 | F35: 4 | G35: 83 | H35: Paramedic 749 | I35: Fairfax | J35: pediatric, respiratory distress | K35: 22 | L35: 8 | M35: Paramedic 749 to Fairfax, how do you copy? We have a 17-month-old male, respiratory distress, priority one. Mom called because the patient was working harder to breathe with a lot of drool and a cough. Current vitals are as follows: blood pressure 90/50, heart rate 124, and SpO2 87% on 15 liters non-rebreather. Stridor at rest. We administered 2.5 mg albuterol nebulized. Patient has a history of prematurity. We're about 4 minutes out. If you have no further questions, we'll see you shortly.
A36: SY035 | B36: train | C36: pediatric | D36: PEDIATRIC | E36: 1 | F36: 8 | G36: 76 | H36: Medic 17 | I36: Memorial | J36: pediatric, respiratory distress | K36: 21 | L36: 6 | M36: Memorial online, this is Medic 17. Priority one, 7-year-old female, respiratory distress. How do you copy? Audible wheezing, mom states a history of asthma. Vitals on scene: pressure 92/50, pulse 135, respirations 37, and sat of 92% on blow-by oxygen. Wheezes bilaterally. We administered 2.5 mg albuterol nebulized, with some improvement. Patient has a history of asthma and seizure disorder. Allergies to sulfa and shellfish. See you in approximately 8 minutes. Any questions for Medic 17?
A37: SY036 | B37: train | C37: stemi | D37: STEMI | E37: 1 | F37: 6 | G37: 117 | H37: Unit 21 | I37: County General | J37: STEMI, ST elevation, chest pain | K37: 25 | L37: 7 | M37: County General online, this is Unit 21. We have a 59-year-old female, chest pain, priority one. Pain started about an hour ago, substernal, radiating to the left arm. Vitals are BP 163/74, pulse 54 and irregular, respirations 21, and satting at 91% on room air. Skin is cool and diaphoretic. 12-lead shows ST elevation in leads V2 through V5, consistent with anterior STEMI. Pain is 5 out of 10. 20-gauge IV in the left AC, saline lock. Administered 324 mg aspirin and 0.4 mg nitro sublingual times one. Pain down to 4 out of 10 after the nitro. No medications. Requesting cath lab activation. ETA 6 minutes. If you have no further questions, we'll see you shortly.
A38: SY037 | B38: train | C38: medical | D38: MEDICAL | F38: 10 | G38: 79 | H38: Unit 41 | I38: Germantown | K38: 20 | L38: 6 | M38: Germantown, Unit 41 on the back line. 60-year-old male, generalized weakness. How do you copy? Generalized weakness for three days, poor oral intake, unable to stand without help. Vitals are pressure 128/82, rate of 83, respiratory rate 16, and SpO2 96% on room air. No focal deficits, Cincinnati negative. 22-gauge IV in the right forearm, saline lock. History of diabetes. Patient is a DNR. We're about 10 minutes out. If you have no further questions, we'll see you shortly.
A39: SY038 | B39: val | C39: fragment | D39: UNCLEAR | F39: 5 | G39: 13 | H39: Squad 8 | I39: Sibley | K39: 10 | L39: 7 | M39: Sibley, Squad 8. Correction, the patient is 62, not 72. ETA 5 minutes.
A40: SY039 | B40: train | C40: fragment | D40: STEMI | E40: 1 | F40: 5 | G40: 16 | H40: Unit 17 | I40: Sibley | J40: STEMI | K40: 11 | L40: 7 | M40: Sibley, Unit 17. STEMI, priority one, 49-year-old female, about 5 minutes out. How do you copy?
A41: SY040 | B41: val | C41: arrest | D41: CARDIAC_ARREST | F41: 4 | G41: 103 | H41: Squad 25 | I41: Suburban | J41: cardiac arrest, CPR, ROSC | K41: 22 | L41: 7 | M41: Squad 25 to Suburban with a notification only. Inbound with a 62-year-old male, chief complaint cardiac arrest with ROSC. Unwitnessed arrest at a gym, bystander CPR in progress on our arrival. Initial rhythm V-fib. Vitals are BP 93/61, pulse 100, and satting at 88% with BVM ventilations. GCS 3. Patient remains unresponsive, GCS 3. Patient is intubated, tube confirmed with waveform capnography. Total down time approximately 25 minutes. We have defibrillated times 4 and one round of epi. 18-gauge IV left AC. We got ROSC about 3 minutes ago. Please have the team ready. We're about 4 minutes out. How do you copy?
A42: SY041 | B42: train | C42: trauma | D42: TRAUMA | E42: 1 | F42: 5 | G42: 82 | H42: Unit 36 | I42: Fairfax | J42: pedestrian | K42: 22 | L42: 6 | M42: Unit 36 to Fairfax, how do you copy? We have a 81-year-old male, pedestrian struck by a vehicle at approximately 30 miles an hour, priority one. No loss of consciousness. Vitals: BP 114/51, pulse 112, respiratory rate 30 and shallow, and satting at 89% on 15 liters non-rebreather. Injuries include a scalp laceration and an open left tib-fib fracture. Abdomen soft, non-tender. Administered 50 mcg fentanyl IV. History of COPD. Requesting trauma activation. See you in approximately 5 minutes. Unit 36 clear.
A43: SY042 | B43: train | C43: medical | D43: MEDICAL | E43: 3 | F43: 10 | G43: 71 | H43: Unit 13 | I43: Riverside | J43: GI bleed | K43: 22 | L43: 9 | M43: Riverside, Unit 13. Priority three, 51-year-old male, vomiting blood. How do you copy? Three episodes of dark tarry stools since yesterday, dizzy on standing. Vitals are BP 100/61, pulse 112, and satting at 98%. Patient is pale and diaphoretic, skin cool. We've established a 22-gauge IV right hand. 500 mL bolus running. We'll be at your facility in about 10 minutes. If you have no further questions, we'll see you shortly.
A44: SY043 | B44: train | C44: medical | D44: MEDICAL | E44: 3 | F44: 5 | G44: 107 | H44: Squad 20 | I44: Riverside | J44: AFib, RVR | K44: 23 | L44: 7 | M44: Squad 20 to Riverside, how do you copy? We're en route to your facility with a 29-year-old female, AFib with RVR, priority three. How do you copy so far? Patient felt her heart racing while at work, no chest pain. Vitals are blood pressure 138/69, heart rate 143, AFib with RVR, respirations 18, and satting at 99% on room air. 12-lead shows AFib with RVR, no ST changes. We've established a 22-gauge IV left forearm. Administered 15 mg diltiazem IV with the rate down to the 110s. Patient has a history of AFib and CHF. We'll be at your facility in about 5 minutes. Squad 20 clear.
A45: SY044 | B45: train | C45: fragment | D45: UNCLEAR | G45: 11 | H45: Ambulance 754 | I45: White Oak | K45: 10 | L45: 8 | M45: White Oak, Ambulance 754. Correction, the patient is 80, not 90.
A46: SY045 | B46: train | C46: endocrine | D46: ENDOCRINE | E46: 1 | F46: 12 | G46: 86 | H46: Paramedic 743 | I46: Germantown | J46: DKA, hyperglycemia | K46: 20 | L46: 5 | M46: Paramedic 743 to Germantown with a priority traffic. Priority one, 73-year-old female, possible DKA. How do you copy? Patient ran out of insulin three days ago. Patient is alert but lethargic, skin dry. Current vitals are as follows: pressure 104/58, rate of 115, respiratory rate 19, oxygen saturation 99% on room air, and CBG 612. Patient has a history of type 1 diabetes, hypothyroidism, and type 2 diabetes. Home meds are metformin and levothyroxine. No known allergies. Our ETA to your facility is approximately 12 minutes.
A47: SY046 | B47: train | C47: pediatric | D47: PEDIATRIC | E47: 1 | F47: 5 | G47: 72 | H47: Squad 19 | I47: Washington Adventist | J47: pediatric, allergic reaction, anaphylaxis | K47: 22 | L47: 8 | M47: Washington Adventist, Squad 19 on the back line. Inbound with a 10-year-old male, chief complaint allergic reaction, priority one, approximately 5 minutes out. Hives and facial swelling after eating unknown food about 30 minutes ago. Some wheezing on arrival, now improved. Vitals: pressure 104/64, rate of 157, respirations 32, and SpO2 93% on room air. Hives to the face and trunk. We administered 0.15 mg epi IM and 12.5 mg Benadryl IV.
A48: SY047 | B48: train | C48: stemi | D48: STEMI | E48: 1 | F48: 7 | G48: 131 | H48: Paramedic 735 | I48: Holy Cross | J48: STEMI, ST elevation, chest pain | K48: 25 | L48: 5 | M48: Good afternoon, Holy Cross, this is Paramedic 735. We're en route to your facility with a 48-year-old male, chest pain, priority one. How do you copy so far? Pain started about an hour ago, substernal, radiating to the jaw. Vitals are blood pressure 119/74, pulse 74 and irregular, respirations 18, and sat of 97% on 4 liters nasal cannula. Patient is alert and oriented, diaphoretic. 12-lead shows ST elevation in leads V5, V6, I and aVL, consistent with lateral STEMI. IV established, 18-gauge left hand. Administered 324 mg aspirin and 0.4 mg nitro sublingual times one. No relief with the nitro. History of CHF. Patient is on Plavix, metoprolol, and aspirin 81. 12-lead has been transmitted to your facility; requesting cath lab. Our ETA to your facility is approximately 7 minutes.
A49: SY048 | B49: train | C49: chest_pain | D49: MEDICAL | F49: 8 | G49: 70 | H49: Ambulance 716 | I49: Suburban | J49: chest pain | K49: 20 | L49: 7 | M49: Ambulance 716 to Suburban, how do you copy? Inbound with a 78-year-old female, chief complaint chest pain, approximately 8 minutes out. Patient woke up this morning with chest pain and nausea. Vitals are pressure 129/84, rate of 103, resp rate 20, and sat of 98%. 12-lead shows sinus tach with no ST elevation. Patient is alert and oriented times four. IV established, 22-gauge right hand. History of diabetes and GERD.
A50: SY049 | B50: train | C50: psychiatric | D50: PSYCHIATRIC | E50: 2 | F50: 5 | G50: 94 | H50: Medic 734 | I50: Germantown | J50: psychiatric, suicidal | K50: 20 | L50: 8 | M50: Germantown, Medic 734. We're en route to your facility with a 65-year-old female, suicidal ideation, priority two. How do you copy so far? Patient called a crisis line stating a plan to overdose; denies having taken anything. This is an emergency petition. Current vitals are as follows: blood pressure 112/85, pulse 105, and satting at 100% on room air. No signs of trauma, no medical complaints. Past medical history includes depression, bipolar disorder, and schizophrenia. Allergies to amoxicillin and ibuprofen. We'll be at your facility in about 5 minutes. Any questions for Medic 734?
A51: SY050 | B51: val | C51: stemi | D51: STEMI | F51: 8 | G51: 129 | H51: Medic 38 | I51: White Oak | J51: STEMI, ST elevation, chest pain | K51: 23 | L51: 5 | M51: White Oak online, this is Medic 38. We're en route to your facility with a 69-year-old male, chest pain. How do you copy so far? Pain started about half an hour ago, substernal, radiating to the left arm. Vitals are pressure 101/72, pulse 77, normal sinus with PVCs, respirations 18, and sat of 93% on room air. Patient is nauseous, no vomiting. 12-lead shows ST elevation in leads II, III and aVF, consistent with inferior STEMI. Pain is 7 out of 10. 18-gauge IV in the left hand, saline lock. Administered 0.4 mg nitro sublingual times three. Some relief with the nitro. Past medical history includes stents. No known allergies. Requesting cath lab activation. We're about 8 minutes out. If you have no further questions, we'll see you shortly.
A52: SY051 | B52: test | C52: pediatric | D52: PEDIATRIC | E52: 2 | F52: 8 | G52: 77 | H52: Medic 756 | I52: Memorial | J52: pediatric, seizure | K52: 22 | L52: 6 | M52: Memorial, Medic 756. Inbound with a 6-month-old male, chief complaint febrile seizure, priority two, approximately 8 minutes out. Generalized seizure lasting approximately 3 minutes, witnessed by parents, resolved on our arrival. Patient is postictal but improving. Vitals are BP 95/64, pulse 147, respiratory rate 20, satting at 98% on blow-by oxygen, temp of 102.8, and sugar is 90. One prior febrile seizure. We administered 2.5 mg midazolam intranasal. No past medical history per family. Medic 756 clear.
A53: SY052 | B53: train | C53: chest_pain | D53: MEDICAL | F53: 5 | G53: 73 | H53: Squad 17 | I53: Shady Grove | J53: chest pain | K53: 20 | L53: 7 | M53: Shady Grove, Squad 17. We have a 80-year-old male, chest pain, approximately 5 minutes out. Patient reports a heaviness on the chest for the last two hours. Vitals on scene: BP 152/92, heart rate 129, respirations 20, and SpO2 94% on 6 liters nasal cannula. 12-lead was unremarkable, no ST changes. Currently complaining of 7 out of 10 chest pain. We administered 400 mcg nitro sublingual. History of AFib. How do you copy?
A54: SY053 | B54: train | C54: sepsis | D54: SEPSIS | E54: 2 | F54: 5 | G54: 120 | H54: Squad 5 | I54: Fairfax | J54: sepsis, fever, altered mental status | K54: 22 | L54: 4 | M54: Fairfax, Squad 5. We're en route to your facility with a 89-year-old female, fever and hypotension, priority two. How do you copy so far? Patient is from home with hospice. Patient was found lethargic and hypotensive on our arrival. Vitals: blood pressure 82/57, pulse 129, respiratory rate 29, oxygen saturation 94% on 2 liters nasal cannula, and temp of 102.4. GCS is 11. Skin is warm and flushed. Suspected respiratory source, coarse rhonchi in the bilateral bases, productive cough. We've established a 22-gauge IV right AC. 1000 mL normal saline bolus initiated. Patient has a history of hypertension and CHF. Patient is a DNR. See you in approximately 5 minutes. If you have no further questions, we'll see you shortly.
A55: SY054 | B55: train | C55: medical | D55: MEDICAL | E55: 2 | F55: 7 | G55: 71 | H55: Unit 57 | I55: Washington Adventist | J55: GI bleed | K55: 21 | L55: 9 | M55: Washington Adventist online, this is Unit 57. Inbound with a 57-year-old male, chief complaint rectal bleeding, priority two. Large amount of bright red blood per rectum, patient on blood thinners. Vitals: blood pressure 105/55, heart rate 119, and satting at 96% on 4 liters nasal cannula. Patient is pale and diaphoretic, skin cool. We've established a 20-gauge IV right AC. See you in approximately 7 minutes. Any questions for Unit 57?
A56: SY055 | B56: test | C56: trauma | D56: TRAUMA | E56: 2 | F56: 8 | G56: 111 | H56: Paramedic 742 | I56: Suburban | J56: pedestrian | K56: 22 | L56: 6 | M56: Paramedic 742 to Suburban, how do you copy? Inbound with a 72-year-old female, chief complaint pedestrian struck by a vehicle at approximately 30 miles an hour, priority two. No loss of consciousness. Patient is a visitor from out of state, no history available, allergy status unknown. Vitals: blood pressure 108/66, heart rate 113, resp rate 27 and shallow, and oxygen saturation 89% on room air. GCS is 9. Injuries include abrasions to the back. Patient is c-spine immobilized on a backboard. Pelvis stable. Two large bore IVs established, running wide open. Administered 50 mcg fentanyl IV. Requesting trauma activation. Our ETA to your facility is approximately 8 minutes. Paramedic 742 clear.
A57: SY056 | B57: train | C57: trauma | D57: TRAUMA | E57: 1 | G57: 77 | H57: Ambulance 737 | I57: Sibley | J57: fall | K57: 22 | L57: 5 | M57: Sibley, Ambulance 737. Inbound with a 33-year-old female, chief complaint ground level fall on blood thinners, priority one. No loss of consciousness. No medical history available. Vitals: blood pressure 84/50, rate of 134, respiratory rate 24, and SpO2 99%. GCS of 8. Injuries include pelvic instability and a laceration to the forehead. C-collar in place, spinal motion restriction. Pelvis stable. Administered 1 gram TXA IV and 4 mg ondansetron IV. Requesting trauma team activation. Ambulance 737 clear.
A58: SY057 | B58: train | C58: stroke | D58: STROKE | F58: 8 | G58: 78 | H58: Squad 12 | I58: Holy Cross | J58: stroke, CVA, facial droop | K58: 21 | L58: 4 | M58: Holy Cross, Squad 12. 83-year-old female, stroke alert., approximately 8 minutes out. Last known well about 45 minutes ago. Sudden onset left-sided weakness and aphasia. Vitals are BP 161/100, rate of 82, AFib, SpO2 99% on room air, and CBG 159. LAMS is 5. Pupils equal and reactive. IV established, 20-gauge right AC. Medical history of hyperlipidemia, hypertension, and prior stroke. Patient is on Xarelto. No known drug allergies. Requesting stroke team activation. Any questions for Squad 12?
A59: SY058 | B59: train | C59: obstetric | D59: OBSTETRIC | E59: 3 | F59: 8 | G59: 89 | H59: Medic 708 | I59: White Oak | J59: pregnant, labor, delivery | K59: 22 | L59: 7 | M59: White Oak, Medic 708. Priority three, 24-year-old female, 40 weeks pregnant, possible pre-eclampsia. How do you copy? G4 P3, 40 weeks by her dates. Severe headache, visual changes and swelling to the hands and face for two days. Vitals are blood pressure 182/105, rate of 93, respirations 16, and SpO2 100% on room air. Hyperreflexic, no seizure activity so far. Administered 4 grams magnesium IV. IV established, 18-gauge right hand. No significant medical history. Requesting labor and delivery be notified. Our ETA to your facility is approximately 8 minutes.
A60: SY059 | B60: test | C60: fragment | D60: SEPSIS | G60: 12 | H60: Ambulance 731 | I60: Holy Cross | J60: sepsis alert | K60: 10 | L60: 8 | M60: Holy Cross, Ambulance 731. Sepsis alert, 30-year-old female. How do you copy?
A61: SY060 | B61: train | C61: medical | D61: MEDICAL | E61: 3 | F61: 4 | G61: 78 | H61: Unit 30 | I61: Suburban | J61: shortness of breath, COPD | K61: 22 | L61: 7 | M61: Unit 30 to Suburban with a priority traffic. We have a 52-year-old male, COPD exacerbation, priority three, approximately 4 minutes out. Patient ran out of home oxygen; found tripoding, speaking two to three word sentences. Vitals: blood pressure 145/65, pulse 123, and oxygen saturation 91% on CPAP. Wheezes bilaterally, accessory muscle use. We've given 2.5 mg albuterol and 0.5 mg ipratropium nebulized with some improvement. Patient has a history of CHF. No medications. Allergies to shellfish and amoxicillin.
A62: SY061 | B62: train | C62: trauma | D62: TRAUMA | E62: 3 | F62: 10 | G62: 102 | H62: Unit 31 | I62: Germantown | J62: motorcycle | K62: 21 | L62: 8 | M62: Good evening, Germantown, this is Unit 31. We're en route to your facility with a 82-year-old female, motorcycle crash, helmeted, priority three. How do you copy so far? Patient is a visitor from out of state, no history available, allergy status unknown. Vitals are blood pressure 119/86, heart rate 94, and oxygen saturation 90% on room air. GCS of 7. Injuries include road rash to the left side, chest wall tenderness, and left clavicle deformity. Abdomen soft, non-tender. We have two large bore IVs, fluids running wide open. Administered 1 gram TXA IV. We're about 10 minutes out. How do you copy?
A63: SY062 | B63: test | C63: psychiatric | D63: PSYCHIATRIC | E63: 3 | F63: 5 | G63: 75 | H63: Ambulance 702 | I63: Memorial | J63: psychiatric, suicidal | K63: 20 | L63: 7 | M63: Ambulance 702 to Memorial, how do you copy? Inbound with a 42-year-old female, chief complaint acute psychosis, priority three. Patient reports hearing voices for three days and has not slept. No medical complaints. Vitals: pressure 120/87, pulse 102, resp rate 23, and SpO2 100% on room air. No signs of trauma, no medical complaints. History of opioid use and depression. No medications. Allergies to penicillin and ibuprofen. ETA 5 minutes. Any questions for Ambulance 702?
A64: SY063 | B64: train | C64: fragment | D64: UNCLEAR | F64: 10 | G64: 18 | H64: Medic 725 | I64: Germantown | K64: 10 | L64: 6 | M64: Germantown, Medic 725. Be advised the patient's blood pressure is now 149/56, heart rate 108. ETA 10 minutes.
A65: SY064 | B65: train | C65: fragment | D65: STEMI | F65: 10 | G65: 15 | H65: Medic 737 | I65: Washington Adventist | J65: STEMI | K65: 10 | L65: 7 | M65: Washington Adventist, Medic 737. STEMI, 80-year-old female, about 10 minutes out. How do you copy?
A66: SY065 | B66: val | C66: medical | D66: MEDICAL | E66: 2 | F66: 2 | G66: 101 | H66: Unit 20 | I66: County General | J66: AFib, RVR | K66: 21 | L66: 5 | M66: Unit 20 to County General with a priority traffic. Inbound with a 40-year-old female, chief complaint AFib with RVR, priority two. Patient felt her heart racing while at work, no chest pain. Vitals on scene: blood pressure 125/69, rate of 153, AFib with RVR, respirations 18, and satting at 96% on room air. 12-lead shows AFib with RVR, no ST changes. Past medical history includes hypertension and CHF. Patient is on Eliquis, diltiazem, and metoprolol. No known allergies. Family states patient is a full code. See you in approximately 2 minutes. If you have no further questions, we'll see you shortly.
A67: SY066 | B67: train | C67: stroke | D67: STROKE | E67: 2 | F67: 20 | G67: 78 | H67: Paramedic 723 | I67: White Oak | J67: stroke, CVA, facial droop | K67: 20 | L67: 8 | M67: Paramedic 723 to White Oak, how do you copy? Priority two, 54-year-old female, stroke symptoms. How do you copy? Last known well 8:45 this morning. Patient has right arm drift and right facial droop, speech is slurred. Vitals on scene: blood pressure 151/90, pulse 59, sat of 94% on room air, and sugar is 157. LAMS is 3. Pupils equal and reactive. No medications. Requesting stroke team activation. We're about 20 minutes out. Any questions for Paramedic 723?
A68: SY067 | B68: train | C68: fragment | D68: UNCLEAR | G68: 16 | H68: Medic 34 | I68: County General | K68: 10 | L68: 7 | M68: County General, Medic 34. Be advised the patient's blood pressure is now 127/70, heart rate 119.
A69: SY068 | B69: val | C69: endocrine | D69: ENDOCRINE | E69: 2 | F69: 5 | G69: 70 | H69: Medic 751 | I69: Riverside | J69: hyperglycemia | K69: 20 | L69: 6 | M69: Riverside online, this is Medic 751. We have a 82-year-old female, hyperglycemia, priority two, approximately 5 minutes out. Patient's home meter read high; complaining of thirst and weakness for a week. Patient alert and oriented, no vomiting. Vitals: pressure 129/59, pulse 105, respiratory rate 26, sat of 98%, and blood glucose 448. Past medical history includes hypertension, type 2 diabetes, and hyperlipidemia. Medications include atorvastatin and metformin. Medic 751 clear.
A70: SY069 | B70: train | C70: chest_pain | D70: MEDICAL | E70: 2 | F70: 15 | G70: 97 | H70: Paramedic 757 | I70: Sibley | J70: chest pain | K70: 23 | L70: 8 | M70: Sibley, Paramedic 757. We have a 76-year-old female, chest pain, priority two. Patient was sitting on the couch around 10 PM when she began to feel substernal chest pain radiating to the jaw. Vitals are blood pressure 150/99, heart rate 154, sinus tach, resp rate 22, and SpO2 97% on 2 liters nasal cannula. 12-lead shows sinus tach with no ST elevation. Patient is alert and oriented times four. We've established a 20-gauge IV right forearm. We administered 0.4 mg nitro sublingual. We're about 15 minutes out. If you have no further questions, we'll see you shortly.
A71: SY070 | B71: train | C71: medical | D71: MEDICAL | E71: 2 | F71: 7 | G71: 93 | H71: Unit 11 | I71: Holy Cross | K71: 21 | L71: 7 | M71: Unit 11 to Holy Cross with a notification only. We're en route to your facility with a 60-year-old female, generalized weakness, priority two. How do you copy so far? Generalized weakness for three days, poor oral intake, unable to stand without help. Vitals on scene: blood pressure 124/65, pulse 86, resp rate 15, and satting at 98%. No focal deficits, Cincinnati negative. 20-gauge IV in the left forearm, saline lock. Past medical history includes CHF and CKD. See you in approximately 7 minutes. If you have no further questions, we'll see you shortly.
A72: SY071 | B72: test | C72: fragment | D72: UNCLEAR | F72: 5 | G72: 18 | H72: Squad 5 | I72: Fairfax | K72: 10 | L72: 6 | M72: Fairfax, Squad 5. Be advised the patient's blood pressure is now 147/57, heart rate 92. ETA 5 minutes.
A73: SY072 | B73: train | C73: trauma | D73: TRAUMA | F73: 4 | G73: 109 | H73: Squad 8 | I73: Riverside | J73: GSW | K73: 20 | L73: 4 | M73: Squad 8 to Riverside with a notification only. We're en route to your facility with a 85-year-old male, GSW to the left thigh, approximately 4 minutes out. Loss of consciousness unknown. Vitals on scene: pressure 86/56, heart rate 122, resp rate 28 and shallow, and satting at 90% on 15 liters non-rebreather. Injuries include a single wound to the left thigh with heavy bleeding, tourniquet applied and no exit wound found. Patient extricated by fire, c-collar applied. Abdomen soft, non-tender. Two large bore IVs established, running wide open. Medical history of hypertension, COPD, and alcohol use. Medications include lisinopril. No known drug allergies. Requesting trauma activation. Squad 8 clear.
A74: SY073 | B74: train | C74: fragment | D74: UNCLEAR | F74: 20 | G74: 18 | H74: Unit 36 | I74: Germantown | K74: 10 | L74: 6 | M74: Germantown, Unit 36. Be advised the patient's blood pressure is now 114/53, heart rate 88. ETA 20 minutes.
A75: SY074 | B75: test | C75: obstetric | D75: OBSTETRIC | F75: 6 | G75: 115 | H75: Paramedic 749 | I75: Sibley | J75: pregnant, labor, delivery | K75: 21 | L75: 5 | M75: Good morning, Sibley, this is Paramedic 749. We're en route to your facility with a 31-year-old female, 29 weeks pregnant, vaginal bleeding. How do you copy so far? G1 P0, 29 weeks by her dates. Painless bright red vaginal bleeding starting about 45 minutes ago, soaked two pads. Vitals on scene: blood pressure 90/61, rate of 115, resp rate 21, and satting at 98% on room air. Patient is pale and anxious, fetal movement reported present. We've established an 18-gauge IV right forearm. 500 mL bolus running. Patient has a history of gestational diabetes, hypertension, and asthma. No known allergies. Requesting OB to meet us at the door. ETA 6 minutes. How do you copy?
A76: SY075 | B76: train | C76: arrest | D76: CARDIAC_ARREST | E76: 1 | F76: 2 | G76: 71 | H76: Squad 25 | I76: Germantown | J76: cardiac arrest, CPR, ROSC | K76: 21 | L76: 9 | M76: Germantown, Squad 25. We have a 87-year-old male, CPR in progress, priority one. Unwitnessed arrest at home, CPR started by family. Initial rhythm V-fib, now PEA. CPR continues en route. Patient is intubated, tube confirmed with waveform capnography. Total down time approximately 20 minutes. We have 2 rounds of epi. Medical history of COPD. NKDA. Please have the team ready. See you in approximately 2 minutes. Any questions for Squad 25?
A77: SY076 | B77: train | C77: trauma | D77: TRAUMA | E77: 2 | F77: 4 | G77: 107 | H77: Medic 14 | I77: Montgomery General | J77: pedestrian | K77: 24 | L77: 5 | M77: Medic 14 to Montgomery General with a patient report. We have a 82-year-old male, pedestrian struck by a vehicle at approximately 30 miles an hour, priority two, approximately 4 minutes out. Positive loss of consciousness at scene per bystanders. Vitals: BP 98/52, pulse 133, respirations 23, and SpO2 95% on 15 liters non-rebreather. GCS is 15, eyes 4, verbal 5, motor 6. Injuries include bilateral lower leg deformities. Abdomen soft, non-tender. IV established, 22-gauge left hand. Administered 50 mcg fentanyl IV and 4 mg ondansetron IV. History of hypertension, diabetes, and alcohol use. Requesting trauma team activation. If you have no further questions, we'll see you shortly.
A78: SY077 | B78: train | C78: stroke | D78: STROKE | E78: 1 | F78: 4 | G78: 97 | H78: Medic 707 | I78: Germantown | J78: stroke, CVA, facial droop | K78: 22 | L78: 4 | M78: Germantown, Medic 707 on the back line. Inbound with a 74-year-old female, chief complaint possible stroke, priority one, approximately 4 minutes out. Last known well about 30 minutes ago. Family noticed left-sided facial droop and slurred speech. Vitals: pressure 176/103, pulse 61, irregular, respirations 19, satting at 99%, and sugar is 132. Cincinnati is positive, two out of three. Pupils equal and reactive. We've established a 22-gauge IV left hand. Medical history of AFib and prior stroke. Takes warfarin. Calling a stroke alert, requesting CT on arrival. If you have no further questions, we'll see you shortly.
A79: SY078 | B79: test | C79: sepsis | D79: SEPSIS | E79: 1 | F79: 5 | G79: 131 | H79: Medic 753 | I79: Memorial | J79: sepsis, fever, altered mental status | K79: 22 | L79: 2 | M79: Memorial, Medic 753 on the back line. Inbound with a 94-year-old female, chief complaint possible sepsis, priority one. Patient is from an assisted living facility. Staff report decreased oral intake, lethargy and a temperature. Vitals on scene: blood pressure 93/48, rate of 127, resp rate 28, satting at 94% on 4 liters nasal cannula, temp of 96.1, and blood glucose 231. GCS of 13. Patient oriented to name only. Suspected respiratory source, coarse rhonchi in the bilateral bases, productive cough. Lactate is 2.8. 22-gauge IV in the right hand, saline lock. 1000 mL of normal saline in so far. History of chronic kidney disease and type 2 diabetes. Allergic to latex. We're calling a sepsis alert. We're about 5 minutes out. If you have no further questions, we'll see you shortly.
A80: SY079 | B80: test | C80: medical | D80: MEDICAL | E80: 3 | F80: 5 | G80: 76 | H80: Squad 21 | I80: Suburban | J80: GI bleed | K80: 21 | L80: 5 | M80: Suburban, Squad 21 on the back line. Priority three, 49-year-old male, GI bleed., approximately 5 minutes out. Vomited approximately a cup of bright red blood this morning. Vitals are blood pressure 107/60, rate of 109, respiratory rate 14, and SpO2 97% on room air. Patient is pale and diaphoretic, skin cool. IV established, 22-gauge left AC. Medical history of hypertension. Patient is on Xarelto, warfarin, and Eliquis. Patient is full code. Any questions for Squad 21?
A81: SY080 | B81: train | C81: medical | D81: MEDICAL | E81: 2 | F81: 12 | G81: 94 | H81: Medic 33 | I81: Sibley | J81: shortness of breath, COPD | K81: 23 | L81: 6 | M81: Sibley online, this is Medic 33. Priority two, 50-year-old female, shortness of breath. How do you copy? Increasing shortness of breath for two days, worse tonight, unable to speak full sentences. Vitals: BP 135/76, heart rate 100, respirations 32, and oxygen saturation 84% on 4 liters nasal cannula. Diminished breath sounds with expiratory wheezes throughout. We've given 2.5 mg albuterol, 0.5 mg ipratropium nebulized, and 125 mg Solu-Medrol IV with some improvement. Past medical history includes CHF. No known allergies. Our ETA to your facility is approximately 12 minutes. Any questions for Medic 33?
A82: SY081 | B82: train | C82: endocrine | D82: ENDOCRINE | G82: 76 | H82: Ambulance 737 | I82: Fairfax | J82: hypoglycemia | K82: 20 | L82: 5 | M82: Good evening, Fairfax, this is Ambulance 737. We have a 66-year-old female, hypoglycemia. Family found the patient combative, initial blood glucose 46. Vitals are BP 115/66, heart rate 120, respiratory rate 18, sat of 97%, and CBG 130. We administered 1 mg glucagon IM, repeat glucose is 130 and the patient is now alert and oriented. History of type 2 diabetes, CKD, and hypertension. Home meds are Lantus, metformin, and insulin. Allergies to latex and shellfish.
A83: SY082 | B83: train | C83: pediatric | D83: PEDIATRIC | E83: 2 | G83: 76 | H83: Medic 723 | I83: White Oak | J83: pediatric, respiratory distress | K83: 20 | L83: 7 | M83: Medic 723 to White Oak, how do you copy? We're en route to your facility with a 4-year-old female, trouble breathing, priority two. How do you copy so far? Audible wheezing, mom states a history of asthma. Vitals are blood pressure 110/57, pulse 159, respiratory rate 44, and sat of 95% on 15 liters non-rebreather. Patient is slightly altered but consolable. Medical history of asthma and seizure disorder. No known allergies. Any questions for Medic 723?
A84: SY083 | B84: train | C84: trauma | D84: TRAUMA | E84: 1 | F84: 7 | G84: 114 | H84: Medic 734 | I84: Shady Grove | J84: motorcycle | K84: 22 | L84: 6 | M84: Medic 734 to Shady Grove with a patient report. Priority one, 32-year-old male, motorcycle crash, helmeted. How do you copy? Positive loss of consciousness at scene per bystanders. No medical history available. Vitals on scene: BP 98/58, heart rate 113, resp rate 30 and labored, and sat of 90% on 15 liters non-rebreather. GCS is 12. Injuries include a right ankle deformity, left clavicle deformity, and road rash to the left side. C-collar in place, spinal motion restriction. Breath sounds bilateral but diminished on the right. We have two large bore IVs, fluids running wide open. Administered 100 mcg fentanyl IV. Requesting trauma team activation. We're about 7 minutes out. How do you copy?
A85: SY084 | B85: train | C85: endocrine | D85: ENDOCRINE | E85: 3 | F85: 5 | G85: 85 | H85: Medic 19 | I85: Holy Cross | J85: hypoglycemia | K85: 20 | L85: 5 | M85: Medic 19 to Holy Cross, how do you copy? We're en route to your facility with a 48-year-old male, diabetic emergency, low blood sugar, priority three, approximately 5 minutes out. Family found the patient combative, initial blood glucose 48. Vitals: BP 116/57, pulse 102, respiratory rate 25, sat of 94%, and sugar is 105. We administered 125 mL D10 IV, repeat glucose is 105 and the patient is now alert and oriented. No medications. Allergies to contrast dye and sulfa. Any questions for Medic 19?
A86: SY085 | B86: test | C86: stroke | D86: STROKE | E86: 1 | G86: 85 | H86: Squad 7 | I86: Sibley | J86: stroke, CVA, facial droop | K86: 21 | L86: 6 | M86: Squad 7 to Sibley with a patient report. Priority one, 52-year-old female, stroke symptoms. How do you copy? Last known well about 30 minutes ago. Patient has right arm drift and right facial droop, speech is slurred. Vitals are blood pressure 208/110, heart rate 102, SpO2 96%, and CBG 160. LAMS is 4. Patient is alert, oriented to person only. IV established, 18-gauge right forearm. No medications given. Past medical history includes diabetes. No known allergies. Requesting stroke team activation. Any questions for Squad 7?
A87: SY086 | B87: val | C87: sepsis | D87: SEPSIS | E87: 2 | F87: 12 | G87: 139 | H87: Ambulance 752 | I87: Fairfax | J87: sepsis, fever, altered mental status | K87: 22 | L87: 3 | M87: Ambulance 752 to Fairfax with a notification only. We're en route to your facility with a 94-year-old female, altered mental status and fever, priority two. How do you copy so far? Family reports patient has been more confused for two days. Staff report decreased oral intake, lethargy and a temperature. Vitals on scene: BP 85/60, heart rate 114, resp rate 23, SpO2 93% on room air, and temp of 100.9. GCS 14. Skin is hot, dry and mottled at the knees. Suspected respiratory source, coarse rhonchi in the bilateral bases, productive cough. Lactate is 3.2. 18-gauge IV in the left AC, saline lock. Running a 500 mL bolus. Patient has a history of Alzheimer's dementia and chronic kidney disease. Takes donepezil and insulin. Requesting a sepsis alert. Our ETA to your facility is approximately 12 minutes. Ambulance 752 clear.
A88: SY087 | B88: val | C88: fragment | D88: UNCLEAR | G88: 9 | H88: Medic 26 | I88: Washington Adventist | K88: 10 | L88: 9 | M88: Washington Adventist, Medic 26. Did you copy our last?
A89: SY088 | B89: train | C89: arrest | D89: CARDIAC_ARREST | F89: 15 | G89: 71 | H89: Ambulance 723 | I89: Washington Adventist | J89: cardiac arrest, CPR, ROSC | K89: 21 | L89: 12 | M89: Ambulance 723 to Washington Adventist, how do you copy? We have a 44-year-old male, CPR in progress. Unwitnessed arrest in a parking lot, bystander CPR in progress on our arrival. Initial rhythm asystole. CPR in progress, mechanical CPR device in place. Airway is an iGel. Total down time approximately 12 minutes. We have defibrillated times 4 and 2 rounds of epi. See you in approximately 15 minutes. How do you copy?
A90: SY089 | B90: train | C90: chest_pain | D90: MEDICAL | E90: 2 | F90: 7 | G90: 109 | H90: Unit 58 | I90: Memorial | J90: chest pain | K90: 23 | L90: 6 | M90: Memorial, Unit 58 on the back line. We have a 66-year-old male, chest pain, priority two. Patient was sitting on the couch around 9 PM when he began to feel chest pressure radiating to the back between the shoulder blades. Vitals on scene: blood pressure 122/80, rate of 115, sinus tach, resp rate 17, and satting at 97% on room air. 12-lead has been sent to your facility. Patient is alert and oriented times four. IV established, 18-gauge right AC. Patient has received 324 mg aspirin chewed. Medical history of GERD, hyperlipidemia, and ESRD on dialysis. NKDA. We'll be at your facility in about 7 minutes. Unit 58 clear.
A91: SY090 | B91: val | C91: fragment | D91: STROKE | F91: 4 | G91: 16 | H91: Ambulance 735 | I91: Washington Adventist | J91: stroke alert | K91: 10 | L91: 7 | M91: Washington Adventist, Ambulance 735. Stroke alert, 42-year-old male, about 4 minutes out. How do you copy?
A92: SY091 | B92: train | C92: medical | D92: MEDICAL | E92: 2 | F92: 8 | G92: 83 | H92: Paramedic 711 | I92: County General | J92: syncope | K92: 22 | L92: 6 | M92: County General online, this is Paramedic 711. Inbound with a 81-year-old male, chief complaint syncopal episode, priority two, approximately 8 minutes out. Syncopal episode on the toilet, no trauma, now alert. Current vitals are as follows: pressure 110/70, rate of 125, irregular, satting at 96% on 4 liters nasal cannula, and blood glucose 146. Patient is alert and oriented times four, denies chest pain. 18-gauge IV in the right hand, saline lock. Past medical history includes AFib. Medications include Eliquis. Paramedic 711 clear.
A93: SY092 | B93: train | C93: stroke | D93: STROKE | F93: 4 | G93: 114 | H93: Paramedic 722 | I93: Montgomery General | J93: stroke, CVA, facial droop | K93: 20 | L93: 4 | M93: Good afternoon, Montgomery General, this is Paramedic 722. We're en route to your facility with a 82-year-old male, possible stroke. How do you copy so far? Last known well about 30 minutes ago. Patient has left arm drift and left facial droop, speech is slurred. Vitals on scene: blood pressure 189/80, pulse 106, respiratory rate 21, oxygen saturation 94%, and blood sugar 174. Cincinnati stroke scale positive for arm drift and speech. Patient is alert, oriented to person only. 22-gauge IV in the left forearm, saline lock. Medical history of hypertension, diabetes, and CAD. Medications include metoprolol, warfarin, and atorvastatin. Calling a stroke alert, requesting CT on arrival. ETA 4 minutes. Paramedic 722 clear.
A94: SY093 | B94: train | C94: pediatric | D94: PEDIATRIC | E94: 1 | G94: 68 | H94: Unit 58 | I94: Holy Cross | J94: pediatric | K94: 23 | L94: 7 | M94: Unit 58 to Holy Cross with a patient report. We have a 20-month-old female, vomiting and diarrhea, priority one. Three days of vomiting and diarrhea, decreased wet diapers, lethargic per mom. Vitals are BP 99/46, rate of 167, respirations 28, satting at 99%, and CBG 73. Delayed cap refill, dry mucous membranes. 22-gauge IV established, 20 mL per kilo bolus running. No known allergies. How do you copy?
A95: SY094 | B95: test | C95: arrest | D95: CARDIAC_ARREST | E95: 1 | F95: 4 | G95: 77 | H95: Squad 6 | I95: White Oak | J95: cardiac arrest, CPR, ROSC | K95: 20 | L95: 11 | M95: Squad 6 to White Oak with a notification only. Inbound with a 38-year-old male, chief complaint cardiac arrest, priority one. Witnessed arrest in a parking lot, no bystander CPR. Initial rhythm PEA. CPR in progress, mechanical CPR device in place. Airway is an iGel. Total down time approximately 8 minutes. We have one round of epi. IO established right tibia. Requesting the resuscitation bay. ETA 4 minutes. If you have no further questions, we'll see you shortly.
A96: SY095 | B96: val | C96: pediatric | D96: PEDIATRIC | F96: 10 | G96: 67 | H96: Squad 19 | I96: Memorial | J96: pediatric, respiratory distress | K96: 21 | L96: 7 | M96: Squad 19 to Memorial, how do you copy? 13-month-old female, respiratory distress., approximately 10 minutes out. Patient has had a cough and fever for two days, worse tonight. Current vitals are as follows: blood pressure 89/52, pulse 122, resp rate 42, and oxygen saturation 87% on blow-by oxygen. Retractions and nasal flaring noted. We administered 2.5 mg albuterol nebulized, with some improvement. NKDA. How do you copy?
A97: SY096 | B97: train | C97: stroke | D97: STROKE | F97: 7 | G97: 82 | H97: Unit 22 | I97: Memorial | J97: stroke, CVA, facial droop | K97: 19 | L97: 3 | M97: Memorial, Unit 22. We have a 64-year-old female, stroke alert, approximately 7 minutes out. Last known well 1 hours ago. Sudden onset left-sided weakness and confusion. Vitals on scene: pressure 180/95, pulse 77, respirations 16, satting at 94% on 6 liters nasal cannula, and blood sugar 188. Cincinnati stroke scale positive for arm drift and speech. No trauma noted. Patient has a history of hyperlipidemia. Takes atorvastatin, lisinopril, and metoprolol. Allergies to penicillin and shellfish. Requesting stroke team activation. Unit 22 clear.
A98: SY097 | B98: train | C98: medical | D98: MEDICAL | E98: 3 | F98: 5 | G98: 94 | H98: Paramedic 711 | I98: Holy Cross | J98: GI bleed | K98: 21 | L98: 7 | M98: Paramedic 711 to Holy Cross, how do you copy? We're en route to your facility with a 67-year-old male, rectal bleeding, priority three. How do you copy so far? Vomited approximately a cup of bright red blood this morning. Vitals on scene: pressure 96/51, heart rate 128, and satting at 98% on 2 liters nasal cannula. Patient is pale and diaphoretic, skin cool. Two large bore IVs established, running wide open. 500 mL bolus running. Past medical history includes hypertension. No medications. Allergic to morphine. See you in approximately 5 minutes. Paramedic 711 clear.
A99: SY098 | B99: train | C99: fragment | D99: TRAUMA | G99: 10 | H99: Unit 16 | I99: Fairfax | J99: trauma | K99: 10 | L99: 8 | M99: Fairfax, Unit 16. Trauma, 43-year-old male. How do you copy?
A100: SY099 | B100: test | C100: stemi | D100: STEMI | E100: 1 | F100: 5 | G100: 138 | H100: Squad 26 | I100: County General | J100: STEMI, ST elevation, chest pain | K100: 25 | L100: 6 | M100: Squad 26 to County General, how do you copy? Priority one, 65-year-old male, chest pain. How do you copy? Pain started about half an hour ago, left-sided, radiating to the left shoulder. Vitals: BP 175/77, heart rate 84 and irregular, and sat of 96% on room air. Patient is alert and oriented, diaphoretic. 12-lead shows ST elevation in leads V1 through V4, consistent with anterior STEMI. We've established an 18-gauge IV left forearm. Administered 81 mg times four aspirin and 0.4 mg nitro sublingual times one. Pain down to 4 out of 10 after the nitro. Past medical history includes type 2 diabetes and CHF. Patient is DNR but full treatment per POLST form, which we have with us. 12-lead has been transmitted to your facility; requesting cath lab. We're about 5 minutes out. How do you copy?
...

Sheet Split by family
A1: family | B1: train | C1: val | D1: test | E1: total
A2: arrest | B2: =COUNTIFS('Generated scripts'!$C$2:$C$201,$A2,'Generated scripts'!$B$2:$B$201,"train") -> 7 | C2: =COUNTIFS('Generated scripts'!$C$2:$C$201,$A2,'Generated scripts'!$B$2:$B$201,"val") -> 2 | D2: =COUNTIFS('Generated scripts'!$C$2:$C$201,$A2,'Generated scripts'!$B$2:$B$201,"test") -> 2 | E2: =SUM(B2:D2) -> 11
A3: chest_pain | B3: =COUNTIFS('Generated scripts'!$C$2:$C$201,$A3,'Generated scripts'!$B$2:$B$201,"train") -> 11 | C3: =COUNTIFS('Generated scripts'!$C$2:$C$201,$A3,'Generated scripts'!$B$2:$B$201,"val") -> 2 | D3: =COUNTIFS('Generated scripts'!$C$2:$C$201,$A3,'Generated scripts'!$B$2:$B$201,"test") -> 2 | E3: =SUM(B3:D3) -> 15
A4: endocrine | B4: =COUNTIFS('Generated scripts'!$C$2:$C$201,$A4,'Generated scripts'!$B$2:$B$201,"train") -> 10 | C4: =COUNTIFS('Generated scripts'!$C$2:$C$201,$A4,'Generated scripts'!$B$2:$B$201,"val") -> 2 | D4: =COUNTIFS('Generated scripts'!$C$2:$C$201,$A4,'Generated scripts'!$B$2:$B$201,"test") -> 2 | E4: =SUM(B4:D4) -> 14
A5: fragment | B5: =COUNTIFS('Generated scripts'!$C$2:$C$201,$A5,'Generated scripts'!$B$2:$B$201,"train") -> 17 | C5: =COUNTIFS('Generated scripts'!$C$2:$C$201,$A5,'Generated scripts'!$B$2:$B$201,"val") -> 4 | D5: =COUNTIFS('Generated scripts'!$C$2:$C$201,$A5,'Generated scripts'!$B$2:$B$201,"test") -> 4 | E5: =SUM(B5:D5) -> 25
A6: medical | B6: =COUNTIFS('Generated scripts'!$C$2:$C$201,$A6,'Generated scripts'!$B$2:$B$201,"train") -> 13 | C6: =COUNTIFS('Generated scripts'!$C$2:$C$201,$A6,'Generated scripts'!$B$2:$B$201,"val") -> 3 | D6: =COUNTIFS('Generated scripts'!$C$2:$C$201,$A6,'Generated scripts'!$B$2:$B$201,"test") -> 3 | E6: =SUM(B6:D6) -> 19
A7: obstetric | B7: =COUNTIFS('Generated scripts'!$C$2:$C$201,$A7,'Generated scripts'!$B$2:$B$201,"train") -> 6 | C7: =COUNTIFS('Generated scripts'!$C$2:$C$201,$A7,'Generated scripts'!$B$2:$B$201,"val") -> 1 | D7: =COUNTIFS('Generated scripts'!$C$2:$C$201,$A7,'Generated scripts'!$B$2:$B$201,"test") -> 1 | E7: =SUM(B7:D7) -> 8
A8: pediatric | B8: =COUNTIFS('Generated scripts'!$C$2:$C$201,$A8,'Generated scripts'!$B$2:$B$201,"train") -> 10 | C8: =COUNTIFS('Generated scripts'!$C$2:$C$201,$A8,'Generated scripts'!$B$2:$B$201,"val") -> 2 | D8: =COUNTIFS('Generated scripts'!$C$2:$C$201,$A8,'Generated scripts'!$B$2:$B$201,"test") -> 2 | E8: =SUM(B8:D8) -> 14
A9: psychiatric | B9: =COUNTIFS('Generated scripts'!$C$2:$C$201,$A9,'Generated scripts'!$B$2:$B$201,"train") -> 7 | C9: =COUNTIFS('Generated scripts'!$C$2:$C$201,$A9,'Generated scripts'!$B$2:$B$201,"val") -> 1 | D9: =COUNTIFS('Generated scripts'!$C$2:$C$201,$A9,'Generated scripts'!$B$2:$B$201,"test") -> 1 | E9: =SUM(B9:D9) -> 9
A10: sepsis | B10: =COUNTIFS('Generated scripts'!$C$2:$C$201,$A10,'Generated scripts'!$B$2:$B$201,"train") -> 12 | C10: =COUNTIFS('Generated scripts'!$C$2:$C$201,$A10,'Generated scripts'!$B$2:$B$201,"val") -> 3 | D10: =COUNTIFS('Generated scripts'!$C$2:$C$201,$A10,'Generated scripts'!$B$2:$B$201,"test") -> 3 | E10: =SUM(B10:D10) -> 18
A11: stemi | B11: =COUNTIFS('Generated scripts'!$C$2:$C$201,$A11,'Generated scripts'!$B$2:$B$201,"train") -> 11 | C11: =COUNTIFS('Generated scripts'!$C$2:$C$201,$A11,'Generated scripts'!$B$2:$B$201,"val") -> 2 | D11: =COUNTIFS('Generated scripts'!$C$2:$C$201,$A11,'Generated scripts'!$B$2:$B$201,"test") -> 2 | E11: =SUM(B11:D11) -> 15
A12: stroke | B12: =COUNTIFS('Generated scripts'!$C$2:$C$201,$A12,'Generated scripts'!$B$2:$B$201,"train") -> 17 | C12: =COUNTIFS('Generated scripts'!$C$2:$C$201,$A12,'Generated scripts'!$B$2:$B$201,"val") -> 4 | D12: =COUNTIFS('Generated scripts'!$C$2:$C$201,$A12,'Generated scripts'!$B$2:$B$201,"test") -> 4 | E12: =SUM(B12:D12) -> 25
A13: trauma | B13: =COUNTIFS('Generated scripts'!$C$2:$C$201,$A13,'Generated scripts'!$B$2:$B$201,"train") -> 19 | C13: =COUNTIFS('Generated scripts'!$C$2:$C$201,$A13,'Generated scripts'!$B$2:$B$201,"val") -> 4 | D13: =COUNTIFS('Generated scripts'!$C$2:$C$201,$A13,'Generated scripts'!$B$2:$B$201,"test") -> 4 | E13: =SUM(B13:D13) -> 27
A14: total | B14: =SUM(B2:B13) -> 140 | C14: =SUM(C2:C13) -> 30 | D14: =SUM(D2:D13) -> 30 | E14: =SUM(E2:E13) -> 200
A16: Counts are formulas over the 'Generated scripts' sheet; splits.json: seed 1, stratified by family, 140 / 30 / 30.

Sheet Real call sets
A1: call set | B1: feed | C1: bursts | D1: audio s | E1: words | F1: first burst UTC | G1: complaint keywords | H1: reference transcript | I1: gold report | J1: appears truncated | K1: segments
A2: CS001 | B2: 4390 | C2: 3 | D2: 92 | E2: 132 | F2: 2026-10-23 21:41:07 | G2: stroke | H2: yes (3 bursts) | I2: yes | J2: end | K2: S044_01, S045_01, S046_01
A3: CS002 | B3: 4390 | C3: 2 | D3: 107 | E3: 207 | F3: 2026-10-23 22:26:18 | G3: respiratory | H3: no | I3: no | J3: no | K3: S042_01, S043_01
A4: CS003 | B4: 4390 | C4: 3 | D4: 33 | E4: 66 | F4: 2026-10-24 00:52:41 | H4: no | I4: no | J4: start | K4: S037_01, S039_01, S041_01
A5: CS004 | B5: 4395 | C5: 2 | D5: 111 | E5: 266 | F5: 2026-10-24 00:52:46 | G5: trauma | H5: no | I5: no | J5: end | K5: S038_01, S040_01
A6: CS005 | B6: 4390 | C6: 4 | D6: 82 | E6: 158 | F6: 2026-10-24 01:18:02 | G6: trauma | H6: no | I6: no | J6: start | K6: S033_01, S034_01, S035_01, S036_01
A7: CS006 | B7: 4390 | C7: 6 | D7: 79 | E7: 134 | F7: 2026-10-24 01:28:05 | G7: stroke | H7: no | I7: no | J7: no | K7: S027_01, S028_01, S029_01, S030_01, S031_01, S032_01
A8: CS007 | B8: 4390 | C8: 1 | D8: 31 | E8: 58 | F8: 2026-10-24 02:10:46 | G8: arrhythmia | H8: no | I8: no | J8: end | K8: S026_01
A9: CS008 | B9: 4390 | C9: 1 | D9: 84 | E9: 188 | F9: 2026-10-24 02:30:46 | G9: chest pain | H9: yes (1 bursts) | I9: yes | J9: no | K9: S025_01
A10: CS009 | B10: 4390 | C10: 1 | D10: 75 | E10: 201 | F10: 2026-10-24 02:42:16 | G10: refusal, trauma | H10: no | I10: no | J10: start+end | K10: S022_01
A11: CS010 | B11: 4390 | C11: 2 | D11: 77 | E11: 181 | F11: 2026-10-24 03:20:01 | G11: altered/glucose, stroke | H11: no | I11: no | J11: start+end | K11: S020_01, S021_01
A12: CS011 | B12: 4390 | C12: 1 | D12: 116 | E12: 299 | F12: 2026-10-24 03:47:58 | G12: trauma | H12: no | I12: no | J12: end | K12: S019_01
A13: CS012 | B13: 4390 | C13: 1 | D13: 55 | E13: 118 | F13: 2026-10-24 04:19:24 | G13: overdose | H13: no | I13: no | J13: start+end | K13: S018_01
A14: CS013 | B14: 4390 | C14: 2 | D14: 110 | E14: 163 | F14: 2026-10-24 04:23:17 | G14: seizure | H14: no | I14: no | J14: no | K14: S016_01, S017_01
A15: CS014 | B15: 4390 | C15: 5 | D15: 104 | E15: 234 | F15: 2026-10-24 07:41:02 | G15: altered/glucose, respiratory | H15: yes (5 bursts) | I15: yes | J15: no | K15: S054_01, S055_01, S013_01, S014_01, S015_01
A16: CS016 | B16: 4390 | C16: 2 | D16: 115 | E16: 227 | F16: 2026-10-24 12:33:02 | G16: trauma | H16: no | I16: no | J16: no | K16: S011_01, S012_01
A17: CS017 | B17: 4390 | C17: 1 | D17: 56 | E17: 110 | F17: 2026-10-24 13:14:29 | G17: altered/glucose, chest pain | H17: no | I17: no | J17: no | K17: S010_01
A18: CS018 | B18: 4390 | C18: 1 | D18: 3 | E18: 3 | F18: 2026-10-24 13:45:18 | H18: no | I18: no | J18: start+end | K18: S009_01
A19: CS019 | B19: 4390 | C19: 1 | D19: 74 | E19: 142 | F19: 2026-10-24 13:46:45 | G19: altered/glucose, stroke | H19: no | I19: no | J19: no | K19: S008_01
A20: CS020 | B20: 4390 | C20: 1 | D20: 59 | E20: 130 | F20: 2026-10-24 14:19:14 | G20: arrhythmia, chest pain | H20: no | I20: no | J20: no | K20: S007_01
A21: CS021 | B21: 4390 | C21: 7 | D21: 161 | E21: 396 | F21: 2026-10-24 16:38:32 | G21: altered/glucose, refusal | H21: no | I21: no | J21: no | K21: S047_01, S049_01, S050_01, S051_01, S052_01, S053_01, S002_01
A22: CS022 | B22: 4395 | C22: 1 | D22: 116 | E22: 228 | F22: 2026-10-24 16:38:37 | G22: stroke | H22: no | I22: no | J22: start | K22: S048_01
A23: CS023 | B23: 4395 | C23: 3 | D23: 132 | E23: 304 | F23: 2026-10-24 16:42:45 | G23: stroke, trauma | H23: no | I23: no | J23: no | K23: S001_01, S005_01, S003_01
A24: total | C24: =SUM(C2:C23) -> 51 | D24: =SUM(D2:D23) -> 1872 | E24: =SUM(E2:E23) -> 3945
A26: Per-burst transcripts (whisper) are in ~/callsets/<CS>/<segment>.txt; human references only for the three marked yes; gold reports in ~/labels/gold. Feed 4390 is the county EMS channel; 4430 a second feed joined on review.

Sheet Gold sample cases
A1: case | B1: title | C1: gold fields | D1: total weight | E1: of which not stated | F1: words | G1: text
A2: quick | B2: Quick demo (short) | C2: 19 | D2: 42 | E2: 7 | F2: 46 | G2: Medic 21 to General Hospital. We are inbound with a 45-year-old male found down. GCS is 14. History of seizures. Vitals: BP 140 over 90, heart rate 110, SpO2 98 percent. We have established an IV and given 5 milligrams of Versed. ETA is 5 minutes.
A3: stemi | B3: STEMI | C3: 22 | D3: 50 | E3: 2 | F3: 160 | G3: Unit 41 to Memorial Hospital, how do you copy? We're inbound with a 67-year-old male, chief complaint chest pain radiating to left arm. Patient was at home watching TV when symptoms started approximately 45 minutes ago. Wife called 911 when he became diaphoretic and short of breath. Vitals on scene: BP 158/92, heart rate 98 and irregular, respiratory rate 22, SpO2 94% on room air, now 98% on 4 liters nasal cannula. 12-lead shows ST elevation in leads V1 through V4, consistent with anterior STEMI. Patient has history of hypertension and type 2 diabetes. Takes metformin and lisinopril daily. No known allergies. We've established an 18-gauge IV left AC, administered 324mg aspirin chewed, and 0.4mg sublingual nitro times two with some relief. Currently running a saline lock. Patient is alert and oriented, pain currently 6 out of 10, down from 9 out of 10. Our ETA to your facility is approximately 8 minutes. Requesting cath lab activation. Unit 41 clear.
A4: trauma | B4: Trauma | C4: 21 | D4: 50 | E4: 4 | F4: 147 | G4: Medic 7 to County General trauma, priority traffic. Inbound with a 34-year-old female, restrained driver, high-speed MVC with rollover. Positive loss of consciousness at scene, approximately 2 minutes per bystanders. Patient was extricated by fire, c-spine immobilized, on backboard. Vitals: BP 88/60, heart rate 124, respiratory rate 28 and shallow, SpO2 91% on 15 liters non-rebreather. GCS is 13, eyes 3, verbal 4, motor 6. Pupils equal and reactive. Patient confused but following commands. Visible injuries include a large scalp laceration with controlled bleeding, deformity to right forearm likely fracture, and she's guarding her abdomen with bruising across lower quadrants consistent with seatbelt sign. Two large bore IVs established, running wide open. No medications administered. Bilateral breath sounds present but diminished on right. Patient is a visitor from out of state, no medical history available, no medications known, allergy status unknown. ETA 6 minutes, requesting trauma activation.
A5: sepsis | B5: Sepsis | C5: 19 | D5: 43 | E5: 0 | F5: 154 | G5: Squad 12 to Riverside Emergency. We have an 82-year-old female from Sunrise Nursing Facility, chief complaint altered mental status and fever. Per nursing staff, patient was in her usual state of dementia baseline until this morning when she became increasingly confused, not recognizing staff, and had a temperature of 102.4. Vitals: BP 92/58, heart rate 108, respiratory rate 24, SpO2 93% on 2 liters, blood glucose 186. Patient is oriented to name only, not following commands consistently. Skin is warm and flushed. Lungs have coarse rhonchi bilateral bases. History per facility transfer sheet: Alzheimer's dementia, CHF, atrial fibrillation, chronic kidney disease stage 3. Medications include metoprolol, furosemide, donepezil, and eliquis. Allergies to penicillin and sulfa drugs. She has a foley catheter in place, urine appears cloudy. IV established 20-gauge right hand, 500ml bolus initiated. No other interventions. Patient is DNR but full treatment per POLST form, which we have with us. ETA 12 minutes.
A7: Hand-written by the project on 2026-10-24; gold in tests/gold/<case>.json; scored by scripts/benchmark.py. These four were the first 'golden traces'; the generated scripts and real call sets came later.
